,AirwayEpithelial,AT1,AT2,Fibroblast,VascularSMC,BloodEndothelial,Monocyte,AlveolarMac,pDC,Granulocytes,Neutrophil,Tcell,Bcell
0,8,,,50,,40,30,0,,33.33333333333333,,12.5,0
1,,,,,,,,,,,,0,
2,0,,,,,0,,,,,,0,
3,0,0,0,,,,50,,,,,,
4,,,,,,,,,,,,,50
5,0,,,,,,,,,,,,
6,,,,,,,,,,,,0,
7,33.5483871,40,19.047619047619047,15.384615384615383,66.66666666666666,,3.7037037037037033,20,,0,57.14285714285714,24.285714285714285,25
8,0,66.66666666666666,11.11111111111111,25,,100,25,,,,0,42.85714285714285,0
9,,,0,,,,,,,,,,
10,0,,,0,,,,,,,,27.27272727272727,
11,,,,,,,,,,,,0,
12,,,,,,,,,,,,33.33333333333333,
13,,,,,,,,,,,,,
14,25,,20,33.33333333333333,,,0,,50,,,40,50
15,,,,,,,,,,,,,
16,,,,,,,,,,,,33.33333333333333,
17,,,0,,,,,,,,,0,
18,,10,33.33333333333333,,,,,,,,,0,
19,,,,,,,,,,,,,
20,,,,,,,50,,,,,,
21,33.33333333333333,,,,,,,,,,,,
22,,,,,,,,,,,,,
23,,,,,,,,,,,,0,
24,,,,,,,,,,,,,
25,,,,,,,,,,,,0,0
26,,33,,,,,,,,,,25,
27,,,,,,,,,,,,,
28,9.090909090909092,33,20,18.181818181818183,,66.66666666666666,7.142857142857142,0,25,25,50,33.33333333333333,50
29,0,,,,,,0,,,33.33333333333333,,0,
30,,,0,,,,,,,,,,
31,0,,0,,,,,,,,,,
32,,,,,,,,,,,,100,
33,,,,,,,,,,,,0,
34,27.27272727272727,0,50,66.66666666666666,,100,0,,,100,,0,50
35,50,,33.33333333333333,0,,,,,,,,20,
36,0,,,,,,,,,,,0,
37,,,,,,,,,,,,,
38,,,,,,,,,,,,,
39,,,,,,,0,,,,,,
40,,,0,,,,,,,,,,
41,,,,,,,,,,,,0,
42,,,,,,,50,,,,,,
43,,,,,,,,,,,,25,
44,,,,,,,,,,,,,
45,,,,,,,,50,,0,,33.33333333333333,
46,,,0,,,,,,,,,0,
47,,,,,,,,,,,,,
48,,,,,,,,,,,,,
49,,,0,,,,,,,,,,
50,,,,,,,,,,,,,
51,,,,,,,,,,,,0,
52,,,0,,,,,,,,,40,
53,,,,,,,,,,,,,
54,,,,,,,,,,,,,
55,,,,,,,,,,,,,
56,0,,,,,,,,,,,18.181818181818183,
57,,,,,,,,,,0,,12.5,50
58,,,,,,,,,,,,,
59,16,0,13.333333333333334,22.22222222222222,,33.33333333333333,28.57142857142857,16.666666666666664,50,0,40,18.181818181818183,75
60,,25,,,,,25,50,,50,,50,
61,,,,,,,,,,,,33.33333333333333,
62,,,,,,,,,,,,0,
63,,,,,,,,,,,,66.66666666666666,
64,,,0,,,,0,,,,,20,
65,0,,25,0,50,,0,,,,,25,
66,,,0,,,,,,,,,33.33333333333333,
67,,,,,,,,,,,,0,
68,,,,,,,,,,,,,
69,,,,,,,,,,,,,
70,,,,,,,,,,,,83.33333333333334,
71,0,,,,,,,,,,50,40,
72,,,,,,,0,0,,50,0,23.07692307692308,
73,,,,,,,,,,,,,
74,10,,,,,,,,,,,,
75,,,,,,,,,50,,,,
76,10,,0,,,,50,,,,,,
77,,,0,,,,,0,,,,20,
78,,0,50,,,,75,,,0,,20,
79,,,,,,,,,,,,42.85714285714285,
80,,,50,,,,,,,,0,44.44444444444444,
81,,0,28.57142857142857,,,,33.33333333333333,,,0,,5.555555555555555,
82,,,,,,,,,,,,,
83,,0,0,0,,0,,,,,,33.33333333333333,
84,,,,,,,,,,,,,
85,,,0,50,,,,,,,,0,
86,,0,,,,,,,,,,,
87,0,,,,,,0,,,,,0,
88,,,,,,,,,,,,,
89,,0,,0,,,20,,,0,0,22.22222222222222,50
90,,,,,,,,,,,,0,
91,,,,,,,,0,,,,,
92,,,,,,,,,,,,0,
93,20,0,25,0,,,28.57142857142857,50,,0,,30.76923076923077,0
94,,0,,,,,,,,,,,
95,20,33.33333333333333,14.285714285714285,42.85714285714285,,50,25.806451612903224,42.85714285714285,,0,,18.181818181818183,66.66666666666666
96,,,,,,,,,,,,37.5,
97,,,,0,,,,,,,,,
98,,,,,,,,,,,,,
99,,,,,,,,,,,,0,
100,,0,0,0,,50,28.57142857142857,0,,0,25,16.666666666666664,40
101,,,0,,,,,,,,,,
102,,,0,,,,,,,,,,
103,0,,,,,,0,,,,,50,
104,0,,,,,,,,,,,,
105,,,,,,,,,,,,0,
106,,,,,,,,,,,,33.33333333333333,
107,33,,,,,,20,0,,50,75,10,50
108,,,,,,,,,,,,0,
109,5,,28.57142857142857,25,0,100,17.647058823529413,,0,14.285714285714285,,28.57142857142857,11.11111111111111
110,,,,,,,,,,,,28.57142857142857,
111,,,50,,,,,,,,,0,
112,,,,,,,,,,,,,
113,,,33.33333333333333,,,,,,,,,,
114,,,,,,,,,,,,100,
115,,,50,,,,,,,,,,
116,,,0,,,,,,,,,,
117,,,,,,,,,,,,,
118,16.666666666666664,0,33.33333333333333,0,,,0,,,,,6.25,0
119,,,0,,,,,,,,,100,
120,,,,,,,,,,,,16.666666666666664,
121,0,,,,,,,,,,,,
122,,,,,,,,,,,,50,
123,,,0,0,,,,,,,,50,
124,,,,,,,,,,,,0,
125,,0,,,,,,,,,,0,
126,,,,,,,,,,,,,
127,,,,,,,,,,,,33.33333333333333,
128,28.57142857142857,,,,,,33.33333333333333,33.33333333333333,,,100,12.5,50
129,25.925925925925924,,,,,,,,,,,0,
130,,,,,,,,,0,,,0,
131,15,10,25,14.285714285714285,,12.5,17.02127659574468,0,0,18.75,25,25.396825396825395,18.75
132,,,,,,,,,,,,,
133,,,,,,,,,,,,,
134,,,,,,,,,,,,,
135,,,,,,,,,,,,,
136,,,50,,,,,,,,,50,
137,,,,,,,,,,,,,
0,30.18867924528302,,,0,,,,,,,,,
1,,,,,,,,0,,,,,
2,13.333333333333334,50,0,14.285714285714285,0,0,28.57142857142857,50,,,50,18.75,0
3,,,,,,,0,,,,,33.33333333333333,
4,25,,66.66666666666666,0,,50,0,,,,,13.333333333333334,0
5,33.33333333333333,0,,,,,,,,,,33.33333333333333,
6,,,50,,,,,,,,,33.33333333333333,
7,,,,,,,0,0,0,,,16.666666666666664,
8,5.555555555555555,16.666666666666664,14.285714285714285,,,50,0,0,,0,20,9.090909090909092,0
9,,,33.33333333333333,,,,,,,,,0,
10,,,,,,,,,,,,,
11,0,,,,,50,,,,,,0,
12,,,,,,,,,,,,25,
13,,,,,,,,,,,,0,
14,,,,,,,,,,,,,
15,,,,,,,,,,,,50,
16,0,,,,,,,,,,,0,
17,,,,,,,0,,,,,0,
18,,,0,,,,,,,,,0,
19,,,,,,,,,,,,0,
20,,,,,,,,,,,,0,
21,,,0,,,,,,,,,,
22,,,0,,,,,,,,,,
23,,,,,,,,,,,,0,
24,0,,,,,,,,,,,18.181818181818183,16.666666666666664
25,,,,,,,,,0,,,12.5,
26,0,,,,,,,0,,,,28.57142857142857,
27,,,,,,,,0,,,,33.33333333333333,
28,27.906976744186046,0,0,,,,0,,,0,0,7.6923076923076925,33.33333333333333
29,0,,,,,,,,,,,,
30,0,,,,,,,,,,,,
31,,,,,,,,,,,,,
32,,,,,,,50,,,,,,
33,,0,,,,,,,,,,0,
34,,,,,,,,0,,,,33.33333333333333,
35,19.047619047619047,33.33333333333333,40,,,,0,,,,,0,
36,,,,,,,,,,,,,
37,,,,,,,100,,,,,,
38,,,,,,,,,,,,66.66666666666666,
39,,,,,,,,,,,,,
40,,,,,,,,,,,,33.33333333333333,
41,,,,,,,,,50,,,,
42,,,,,,,,,,,,0,
43,,,,,,,,,50,,,,
44,33.33333333333333,,,,,,,,,,,,
45,,,,,,,,,,,,0,
46,33.33333333333333,50,12.5,22.22222222222222,,0,20,36.36363636363637,100,20,40,27.58620689655172,16.666666666666664
47,0,0,22.22222222222222,0,,,0,,,33.33333333333333,,15.384615384615383,
48,,,33.33333333333333,,,,,,,,,,
49,14.285714285714285,33.33333333333333,25,37.5,,,12.5,,,20,0,11.11111111111111,66.66666666666666
50,,,0,,,,,,,,,,
51,,,,,,,,,,,,25,
52,,,,,,,,,,,,,
53,,,,,,,,,,,,,
54,,,,50,,,,,,,,50,
55,,0,,,,,0,,,,,0,33.33333333333333
56,39.130434782608695,,36.36363636363637,50,,,50,50,0,71.42857142857143,100,35,40
57,,,,,,,0,,,,,,
58,,,33.33333333333333,,,,,,,,,,
59,,,0,,,,0,,,,,0,
60,0,,50,,,0,,,,,,50,
61,0,0,0,,,,0,,,,,0,
62,25,50,,,,,,,,,,0,
63,,,33.33333333333333,,,,33.33333333333333,,,,,22.22222222222222,
64,,,,,,,0,,,,,25,
65,,0,,,,,,,,,,40,
66,,,,,,,,,,,,0,
67,0,,,,0,,,,,,,,
68,0,,,,,,,,,,,,
69,,,,,,,,,,,,,
70,,0,,,,,,,,,,,
71,9.090909090909092,,,,,,0,0,0,,,0,20
72,21.428571428571427,0,0,0,,50,33.33333333333333,,33.33333333333333,,60,11.76470588235294,0
73,10,,,,,,,,,,,,
74,33,33.33333333333333,50,16.666666666666664,0,0,0,,,0,,4.545454545454546,50
75,9.090909090909092,25,33.33333333333333,50,,0,0,,,,,17.857142857142858,
76,,,0,,,,,,,,,0,
77,,,,,,,0,,,,,12.5,
78,,50,0,,,,0,,,,,14.285714285714285,0
79,,,,,,,,,,,,0,
80,,33.33333333333333,,,,,,,,,,50,
81,,,,,,,,,,,,0,
82,,,,,,,33.33333333333333,,,0,,,
83,,,,,,,,,,,,50,